GameTime,PreyPopulation,PredatorPopulation,PreyGrowth,PredatorGrowth,PreyDeath,PredatorDeath
61.819897,4,3,1,0,0,0
62.001705,4,4,1,1,0,0
62.326511,4,4,0,0,0,1
62.832829,5,4,1,0,0,0
70.458725,4,4,0,0,0,1
74.002228,3,5,1,1,0,0
76.491096,3,5,0,0,0,1
100.339447,2,5,0,0,0,1
112.945137,1,5,0,0,0,1
117.004066,0,5,0,0,0,1
125.003464,0,4,0,0,0,1
142.001999,0,3,0,0,0,1
144.002075,0,2,0,0,0,1
146.002075,0,1,0,0,0,1
