GameTime,PreyPopulation,PredatorPopulation,PreyGrowth,PredatorGrowth,PreyDeath,PredatorDeath
38.04142,3,7,0,0,0,1
50.24781,2,7,0,0,0,1
50.24781,2,7,0,0,0,1
51.004002,2,7,0,0,0,1
91.004921,0,6,0,0,0,1
97.004372,0,5,0,0,0,1
101.000618,0,4,0,0,0,1
103.002617,0,3,0,0,0,1
103.002617,0,3,0,0,0,1
103.002617,0,3,0,0,0,1
