GameTime,PreyPopulation,PredatorPopulation,PreyGrowth,PredatorGrowth,PreyDeath,PredatorDeath
50.734425,7,7,0,0,0,1
50.734425,7,7,0,0,0,1
60.734928,5,7,0,0,0,1
75.403183,4,7,0,0,0,1
184.738815,4,7,1,0,0,0
235.739182,4,7,0,0,0,1
243.40593,3,7,0,0,0,1
295.408173,2,7,0,0,0,1
