GameTime,PreyPopulation,PredatorPopulation,FPS,PreyGrowth,PredatorGrowth,PreyDeath,PredatorDeath
44.213615,5,5,0,0,0,1
50.29718,4,5,0,0,0,1
50.29718,4,5,0,0,0,1
51.002193,4,5,0,0,0,1
51.002193,4,5,0,0,0,1
51.002193,4,5,0,0,0,1
60.422707,2,2,0,0,0,1
80.136353,1,2,0,0,0,1
96.003113,0,2,0,0,0,1
96.003113,0,2,0,0,0,1
