GameTime,PreyPopulation,PredatorPopulation,FPS,PreyGrowth,PredatorGrowth,PreyDeath,PredatorDeath
50.356129,5,5,0,0,0,1
50.356129,5,5,0,0,0,1
50.356129,5,5,0,0,0,1
50.356129,5,5,0,0,0,1
52.004494,1,5,0,0,0,1
52.004494,1,5,0,0,0,1
52.004494,1,5,0,0,0,1
52.004494,1,5,0,0,0,1
52.004494,1,5,0,0,0,1
61.487259,2,0,1,0,0,0
123.170097,3,0,1,0,0,0
152.480621,3,0,0,0,0,1
156.533157,2,0,0,0,0,1
219.226501,2,0,1,0,0,0
279.91745,2,0,0,0,0,1
289.968384,2,0,1,0,0,0
