GameTime,PreyPopulation,PredatorPopulation,FPS,PreyGrowth,PredatorGrowth,PreyDeath,PredatorDeath
50.734558,13,13,0,0,0,1
50.734558,13,13,0,0,0,1
50.734558,13,13,0,0,0,1
50.734558,13,13,0,0,0,1
50.734558,13,13,0,0,0,1
56.068207,8,13,0,0,0,1
65.401627,7,13,0,0,0,1
65.401627,7,13,0,0,0,1
78.06839,5,13,0,0,0,1
272.072571,5,12,1,0,0,0
272.739258,5,12,0,0,0,1
