GameTime,PreyPopulation,PredatorPopulation,FPS,PreyGrowth,PredatorGrowth,PreyDeath,PredatorDeath
50.734158,13,13,0,0,0,1
50.734158,13,13,0,0,0,1
50.734158,13,13,0,0,0,1
50.734158,13,13,0,0,0,1
50.734158,13,13,0,0,0,1
50.734158,13,13,0,0,0,1
50.734158,13,13,0,0,0,1
50.734158,13,13,0,0,0,1
50.734158,13,13,0,0,0,1
55.401299,4,13,0,0,0,1
60.734741,3,13,0,0,0,1
68.734818,3,13,1,0,0,0
135.402664,3,13,0,0,0,1
146.736176,2,13,0,0,0,1
149.736206,1,13,0,0,0,1
