GameTime,PreyPopulation,PredatorPopulation,FPS,PreyGrowth,PredatorGrowth,PreyDeath,PredatorDeath
50.734535,13,13,0,0,0,1
50.734535,13,13,0,0,0,1
50.734535,13,13,0,0,0,1
50.734535,13,13,0,0,0,1
50.734535,13,13,0,0,0,1
55.401245,8,13,0,0,0,1
64.734642,8,13,1,0,0,0
70.068016,9,13,1,0,0,0
70.734688,9,13,0,0,0,1
75.40139,8,13,0,0,0,1
115.068443,7,13,0,0,0,1
132.068619,6,13,0,0,0,1
153.06871,5,13,0,0,0,1
164.735458,4,13,0,0,0,1
270.070618,3,12,0,0,0,1
