GameTime,PreyPopulation,PredatorPopulation,FPS,PreyGrowth,PredatorGrowth,PreyDeath,PredatorDeath
50.734253,13,13,0,0,0,1
50.734253,13,13,0,0,0,1
50.734253,13,13,0,0,0,1
50.734253,13,13,0,0,0,1
50.734253,13,13,0,0,0,1
50.734253,13,13,0,0,0,1
50.734253,13,13,0,0,0,1
50.734253,13,13,0,0,0,1
61.401031,5,13,0,0,0,1
70.734505,4,13,0,0,0,1
84.068726,4,13,1,0,0,0
177.738754,5,13,1,0,0,0
190.738876,5,13,0,0,0,1
204.07254,4,13,0,0,0,1
258.073456,4,13,1,0,0,0
