GameTime,PreyPopulation,PredatorPopulation,PreyGrowth,PredatorGrowth,PreyDeath,PredatorDeath
62.197495,2,1,1,0,0,0
99.001274,2,2,1,1,0,0
123.488876,3,2,1,0,0,0
131.531708,4,2,1,0,0,0
149.003632,4,2,0,0,0,1
185.004517,4,1,0,0,0,1
188.31398,5,0,1,0,0,0
190.348419,6,0,1,0,0,0
203.017593,7,0,1,0,0,0
212.01091,7,0,0,0,0,0
250.098618,7,0,1,0,0,0
251.653183,8,0,1,0,0,0
254.675095,9,0,1,0,0,0
263.819031,10,0,1,0,0,0
264.806885,11,0,1,0,0,0
265.848236,11,0,0,0,0,0
